epoch,time,train/giou_loss,train/cls_loss,train/l1_loss,metrics/precision(B),metrics/recall(B),metrics/mAP50(B),metrics/mAP50-95(B),val/giou_loss,val/cls_loss,val/l1_loss,lr/pg0,lr/pg1,lr/pg2
1,26.1274,2.21411,1.15856,1.37697,8e-05,0.01277,4e-05,1e-05,2.14088,0.25902,1.58599,0.00327778,0.00327778,0.00327778
2,52.482,2.10778,0.20102,1.23498,0.00041,0.0617,0.00026,5e-05,1.95865,0.25642,1.35733,0.00660293,0.00660293,0.00660293
3,78.3589,1.92697,0.2786,1.0082,0.00439,0.03191,0.00068,0.00014,1.96316,0.2786,1.30609,0.00991983,0.00991983,0.00991983
4,105.252,1.77856,0.33903,0.89853,0.03841,0.0234,0.00693,0.00227,1.8959,0.3214,1.26278,0.00996287,0.00996287,0.00996287
5,131.458,1.59058,0.40862,0.73035,0.12056,0.04681,0.01481,0.00383,1.64381,0.42977,0.9023,0.0099505,0.0099505,0.0099505
6,157.628,1.49802,0.46396,0.65588,0.07945,0.05532,0.01549,0.00379,1.53425,0.50195,0.79629,0.00993813,0.00993813,0.00993813
7,183.973,1.45364,0.46847,0.58691,0.12126,0.07447,0.03097,0.00751,1.44347,0.47301,0.70226,0.00992575,0.00992575,0.00992575
8,210.287,1.43249,0.48616,0.59969,0.16805,0.10426,0.05678,0.01882,1.29018,0.5827,0.64239,0.00991338,0.00991338,0.00991338
9,236.56,1.41083,0.49395,0.57026,0.16562,0.09787,0.06599,0.01974,1.21257,0.64697,0.56603,0.009901,0.009901,0.009901
10,263.15,1.39771,0.50017,0.5576,0.04824,0.04043,0.01164,0.00278,1.4342,0.50097,0.68738,0.00988862,0.00988862,0.00988862
11,288.975,1.42055,0.48033,0.58181,0.13108,0.07447,0.02486,0.00619,1.48266,0.45194,0.78238,0.00987625,0.00987625,0.00987625
12,315.095,1.42254,0.46328,0.57494,0.08613,0.05745,0.01506,0.00346,1.37274,0.50875,0.65863,0.00986387,0.00986387,0.00986387
13,340.929,1.42472,0.46277,0.58692,0.16322,0.05532,0.02523,0.00638,1.39632,0.47001,0.62665,0.0098515,0.0098515,0.0098515
14,367.054,1.42914,0.46471,0.56988,0.16807,0.11702,0.0581,0.0189,1.17186,0.64362,0.55777,0.00983913,0.00983913,0.00983913
15,393.086,1.4038,0.49046,0.53913,0.19842,0.09787,0.05181,0.01437,1.33053,0.51869,0.67647,0.00982675,0.00982675,0.00982675
16,418.568,1.39591,0.4879,0.55233,0.14765,0.09398,0.03825,0.01024,1.30284,0.52808,0.61954,0.00981438,0.00981438,0.00981438
17,444.576,1.43674,0.44934,0.57215,0.27253,0.10213,0.06772,0.01975,1.27446,0.54311,0.61397,0.009802,0.009802,0.009802
18,470.888,1.38907,0.47023,0.53664,0.24322,0.12553,0.08017,0.02218,1.21686,0.59235,0.57916,0.00978962,0.00978962,0.00978962
19,497.548,1.40888,0.47636,0.55093,0.15672,0.09787,0.04983,0.0155,1.30501,0.57042,0.63318,0.00977725,0.00977725,0.00977725
20,522.962,1.37752,0.50466,0.53262,0.14225,0.08511,0.04179,0.01429,1.31061,0.53966,0.64005,0.00976487,0.00976487,0.00976487
21,548.792,1.38527,0.46665,0.53049,0.1655,0.11702,0.05276,0.01239,1.24532,0.57545,0.57722,0.0097525,0.0097525,0.0097525
22,574.507,1.37752,0.48305,0.525,0.25466,0.10638,0.06792,0.01966,1.23944,0.58138,0.60845,0.00974013,0.00974013,0.00974013
23,600.347,1.3528,0.49502,0.50031,0.2235,0.13404,0.08813,0.03141,1.17567,0.62683,0.60734,0.00972775,0.00972775,0.00972775
24,627.045,1.39201,0.4725,0.53294,0.3411,0.14255,0.11061,0.02805,1.17938,0.60442,0.54947,0.00971538,0.00971538,0.00971538
25,653.019,1.34113,0.50042,0.48366,0.2547,0.11277,0.08125,0.02342,1.24042,0.60386,0.60805,0.009703,0.009703,0.009703
26,678.839,1.3224,0.49606,0.48693,0.29175,0.12766,0.09537,0.02625,1.20466,0.5758,0.58385,0.00969063,0.00969063,0.00969063
27,704.828,1.34363,0.47809,0.4763,0.34335,0.15957,0.12915,0.04031,1.14531,0.62015,0.52098,0.00967825,0.00967825,0.00967825
28,731.41,1.28505,0.52439,0.45829,0.36392,0.16596,0.12922,0.04139,1.08252,0.66877,0.49024,0.00966588,0.00966588,0.00966588
29,757.6,1.26844,0.54384,0.44449,0.29493,0.15308,0.0973,0.02768,1.11771,0.6454,0.4968,0.0096535,0.0096535,0.0096535
30,783.63,1.25959,0.53902,0.44591,0.15437,0.08298,0.04467,0.0101,1.23109,0.57644,0.52877,0.00964113,0.00964113,0.00964113
31,809.106,1.27912,0.53223,0.43521,0.32849,0.17021,0.11945,0.04014,1.10519,0.65293,0.50932,0.00962875,0.00962875,0.00962875
32,834.679,1.23462,0.54997,0.43096,0.27597,0.1622,0.11165,0.03374,1.09162,0.67517,0.5125,0.00961637,0.00961637,0.00961637
33,860.447,1.28863,0.51533,0.45317,0.20254,0.12766,0.06279,0.01622,1.18974,0.60225,0.51155,0.009604,0.009604,0.009604
34,886.459,1.29278,0.50816,0.44342,0.31733,0.14894,0.10762,0.02979,1.15123,0.59125,0.50335,0.00959163,0.00959163,0.00959163
35,912.591,1.30169,0.48867,0.456,0.25842,0.16383,0.11435,0.03508,1.08654,0.66337,0.49887,0.00957925,0.00957925,0.00957925
36,938.646,1.29401,0.50524,0.45019,0.4214,0.1617,0.12996,0.03793,1.11834,0.6209,0.49842,0.00956688,0.00956688,0.00956688
37,964.645,1.27663,0.5129,0.43951,0.49014,0.15749,0.1403,0.04275,1.11411,0.60296,0.51285,0.0095545,0.0095545,0.0095545
38,990.695,1.30178,0.49571,0.42905,0.14353,0.13191,0.06682,0.02007,1.1281,0.6407,0.49209,0.00954213,0.00954213,0.00954213
39,1016.36,1.26446,0.51437,0.43039,0.35154,0.15106,0.11703,0.0352,1.14892,0.60958,0.49439,0.00952975,0.00952975,0.00952975
40,1042.32,1.2656,0.51431,0.41881,0.33599,0.17871,0.13673,0.04278,1.10209,0.63762,0.48242,0.00951737,0.00951737,0.00951737
41,1068.32,1.23426,0.53208,0.40678,0.39557,0.19495,0.15096,0.05439,1.02445,0.70429,0.46094,0.009505,0.009505,0.009505
42,1094.86,1.22928,0.5411,0.39622,0.35371,0.1617,0.12209,0.03426,1.09732,0.62802,0.46946,0.00949263,0.00949263,0.00949263
43,1120.73,1.21428,0.5378,0.39753,0.36933,0.18085,0.1494,0.04563,1.02722,0.70874,0.45116,0.00948025,0.00948025,0.00948025
44,1146.41,1.18802,0.56321,0.40297,0.37046,0.19149,0.15047,0.0434,1.0246,0.70973,0.44472,0.00946788,0.00946788,0.00946788
45,1172.14,1.18933,0.56571,0.39178,0.26554,0.11915,0.09375,0.02595,1.10386,0.66586,0.46074,0.0094555,0.0094555,0.0094555
46,1197.87,1.22254,0.5402,0.39674,0.44445,0.17872,0.15713,0.0476,1.07752,0.65438,0.46406,0.00944313,0.00944313,0.00944313
47,1224.08,1.17432,0.57368,0.39512,0.42136,0.18298,0.16335,0.05676,1.02946,0.66943,0.45698,0.00943075,0.00943075,0.00943075
48,1250.58,1.24111,0.52695,0.40869,0.26445,0.12979,0.08671,0.02262,1.17172,0.59457,0.47837,0.00941837,0.00941837,0.00941837
49,1276.71,1.21856,0.55,0.41044,0.45262,0.21816,0.19405,0.06586,1.04747,0.65219,0.47487,0.009406,0.009406,0.009406
50,1303.09,1.22139,0.54373,0.40815,0.38259,0.2,0.17176,0.05059,1.02225,0.69029,0.45905,0.00939363,0.00939363,0.00939363
51,1329.1,1.18502,0.56426,0.39839,0.4116,0.20851,0.17081,0.05512,1.05622,0.6503,0.49194,0.00938125,0.00938125,0.00938125
52,1354.69,1.2071,0.54967,0.40296,0.26701,0.1617,0.11215,0.02935,1.06928,0.66992,0.4547,0.00936888,0.00936888,0.00936888
53,1380.24,1.24495,0.53509,0.40389,0.4667,0.20851,0.18426,0.06265,0.99794,0.69755,0.43628,0.0093565,0.0093565,0.0093565
54,1406.21,1.18968,0.55992,0.38818,0.30499,0.18954,0.12773,0.03708,1.05007,0.68783,0.45544,0.00934413,0.00934413,0.00934413
55,1432.31,1.1845,0.56592,0.38163,0.31991,0.19574,0.16338,0.05004,1.02444,0.69699,0.45462,0.00933175,0.00933175,0.00933175
56,1458.34,1.17565,0.56287,0.38259,0.34011,0.22128,0.17163,0.05682,0.97888,0.73541,0.44188,0.00931937,0.00931937,0.00931937
57,1484.27,1.14853,0.58348,0.37808,0.43435,0.22128,0.19373,0.06754,0.98226,0.69617,0.44687,0.009307,0.009307,0.009307
58,1510.94,1.12027,0.60778,0.36569,0.47358,0.20851,0.20256,0.0682,0.96837,0.71974,0.43567,0.00929462,0.00929462,0.00929462
59,1537.76,1.16043,0.56432,0.37422,0.43856,0.22979,0.19768,0.06638,1.00028,0.66793,0.44018,0.00928225,0.00928225,0.00928225
60,1563.36,1.18571,0.56033,0.38217,0.4085,0.21894,0.17024,0.06015,1.02833,0.66131,0.45784,0.00926988,0.00926988,0.00926988
61,1589.39,1.20657,0.55642,0.38105,0.41075,0.20213,0.17034,0.05583,0.98253,0.72114,0.43105,0.0092575,0.0092575,0.0092575
62,1615.57,1.14148,0.57877,0.37038,0.39879,0.19787,0.16723,0.05404,1.05584,0.641,0.46294,0.00924512,0.00924512,0.00924512
63,1641.66,1.16482,0.55541,0.37132,0.35089,0.17021,0.14205,0.04434,1.03694,0.6897,0.46379,0.00923275,0.00923275,0.00923275
64,1667.45,1.12441,0.5988,0.36415,0.40998,0.22766,0.18928,0.06047,0.96173,0.74249,0.44167,0.00922038,0.00922038,0.00922038
65,1693.34,1.11051,0.60515,0.35811,0.37213,0.2,0.176,0.0572,1.01933,0.71203,0.46163,0.009208,0.009208,0.009208
66,1719.28,1.18049,0.55908,0.3602,0.32931,0.15253,0.11155,0.03314,1.07618,0.6582,0.46608,0.00919562,0.00919562,0.00919562
67,1744.87,1.15621,0.55772,0.36827,0.44798,0.21702,0.17527,0.05786,0.99998,0.67903,0.43019,0.00918325,0.00918325,0.00918325
68,1771.02,1.13579,0.57502,0.35748,0.43372,0.25106,0.2185,0.07574,0.94761,0.72006,0.42735,0.00917088,0.00917088,0.00917088
69,1797.83,1.12979,0.58218,0.34804,0.45132,0.22402,0.2036,0.07213,1.00362,0.66005,0.45355,0.0091585,0.0091585,0.0091585
70,1823.52,1.09526,0.60013,0.3458,0.33476,0.18085,0.14891,0.04376,1.05841,0.651,0.44262,0.00914613,0.00914613,0.00914613
71,1849.27,1.11054,0.58835,0.35133,0.49088,0.25957,0.23983,0.07867,0.97053,0.68263,0.43396,0.00913375,0.00913375,0.00913375
72,1875.71,1.07947,0.60158,0.33827,0.43455,0.25018,0.22729,0.07301,0.96888,0.71048,0.41015,0.00912138,0.00912138,0.00912138
73,1901.99,1.09162,0.60574,0.33555,0.35821,0.18298,0.16249,0.04732,1.02518,0.68322,0.42994,0.009109,0.009109,0.009109
74,1928.35,1.07978,0.59804,0.33385,0.52439,0.2383,0.23165,0.08191,0.95425,0.69159,0.423,0.00909662,0.00909662,0.00909662
75,1955.09,1.09596,0.59353,0.33284,0.51223,0.22766,0.22145,0.07802,0.94275,0.72241,0.42141,0.00908425,0.00908425,0.00908425
76,1980.81,1.10522,0.58137,0.33651,0.35917,0.21227,0.18248,0.05923,1.00788,0.65841,0.46188,0.00907188,0.00907188,0.00907188
77,2006.55,1.07933,0.58525,0.32773,0.44642,0.24894,0.20937,0.0731,0.96995,0.6936,0.42663,0.0090595,0.0090595,0.0090595
78,2032.63,1.09774,0.58133,0.32453,0.50052,0.20851,0.20931,0.07824,0.95838,0.69827,0.43647,0.00904713,0.00904713,0.00904713
79,2058.39,1.10427,0.57327,0.33611,0.57194,0.25745,0.24908,0.08295,0.99295,0.63872,0.42817,0.00903475,0.00903475,0.00903475
80,2085.23,1.117,0.55194,0.345,0.40689,0.22128,0.21291,0.06245,1.04376,0.63897,0.45975,0.00902238,0.00902238,0.00902238
81,2111.18,1.11521,0.58451,0.33006,0.44868,0.23404,0.22494,0.07734,0.98157,0.70875,0.41723,0.00901,0.00901,0.00901
82,2137.05,1.07606,0.61077,0.32644,0.58527,0.25522,0.24529,0.08062,0.9776,0.69096,0.43653,0.00899762,0.00899762,0.00899762
83,2163.11,1.11608,0.5974,0.32642,0.40543,0.18936,0.17418,0.05315,1.01572,0.66905,0.43257,0.00898525,0.00898525,0.00898525
84,2188.82,1.06867,0.61821,0.31056,0.57812,0.2766,0.29261,0.10567,0.91092,0.71862,0.41681,0.00897287,0.00897287,0.00897287
85,2215.81,1.06615,0.59766,0.30913,0.5794,0.26379,0.28556,0.10849,0.91772,0.69712,0.42022,0.0089605,0.0089605,0.0089605
86,2242.75,1.0489,0.60805,0.30606,0.50789,0.30213,0.29445,0.11133,0.94938,0.64163,0.4086,0.00894812,0.00894812,0.00894812
87,2269.72,1.07067,0.59997,0.31133,0.45392,0.23404,0.23604,0.08526,0.96381,0.71757,0.415,0.00893575,0.00893575,0.00893575
88,2295.19,1.0526,0.61544,0.30296,0.59059,0.3,0.31831,0.12322,0.90025,0.69575,0.39799,0.00892338,0.00892338,0.00892338
89,2321.76,1.01237,0.6107,0.29326,0.47336,0.25532,0.27423,0.09934,0.90065,0.73013,0.39723,0.008911,0.008911,0.008911
90,2347.49,1.02567,0.59756,0.29437,0.61844,0.33191,0.35513,0.1299,0.90631,0.67855,0.3996,0.00889863,0.00889863,0.00889863
91,2373.97,1.02318,0.62066,0.29194,0.47339,0.27159,0.24597,0.09687,0.9382,0.70181,0.4352,0.00888625,0.00888625,0.00888625
92,2399.82,1.04374,0.60634,0.29344,0.55729,0.22553,0.22989,0.07363,0.9953,0.67431,0.43841,0.00887387,0.00887387,0.00887387
93,2425.61,1.09305,0.5773,0.29575,0.45703,0.26383,0.24729,0.07919,0.97032,0.6423,0.39881,0.0088615,0.0088615,0.0088615
94,2451.55,1.02331,0.57494,0.28447,0.61524,0.34022,0.36974,0.13719,0.90309,0.65272,0.38716,0.00884912,0.00884912,0.00884912
95,2478.38,1.00921,0.60511,0.27245,0.25812,0.21838,0.16449,0.04832,1.00895,0.68678,0.4056,0.00883675,0.00883675,0.00883675
96,2504.37,1.02715,0.62497,0.28215,0.46177,0.28842,0.27193,0.09617,0.90595,0.70597,0.37289,0.00882438,0.00882438,0.00882438
97,2529.9,0.97135,0.62053,0.26397,0.60445,0.30213,0.32721,0.13105,0.88873,0.68021,0.39061,0.008812,0.008812,0.008812
98,2556.2,0.97805,0.5787,0.26156,0.654,0.28511,0.31467,0.13047,0.90228,0.68625,0.41198,0.00879963,0.00879963,0.00879963
99,2582.62,1.00911,0.59756,0.26622,0.46155,0.27872,0.27008,0.09786,0.92998,0.6753,0.3877,0.00878725,0.00878725,0.00878725
100,2608.3,0.96874,0.60802,0.26665,0.56402,0.31915,0.32771,0.10998,0.9353,0.64496,0.37901,0.00877487,0.00877487,0.00877487
101,2635.05,0.98176,0.59263,0.26488,0.6025,0.34043,0.34991,0.13759,0.90413,0.66304,0.38517,0.0087625,0.0087625,0.0087625
102,2661.27,0.97536,0.60657,0.25749,0.54378,0.32715,0.33301,0.13088,0.88842,0.68634,0.37821,0.00875013,0.00875013,0.00875013
103,2686.95,0.96402,0.59029,0.25636,0.59374,0.34681,0.35525,0.13448,0.91267,0.63719,0.38601,0.00873775,0.00873775,0.00873775
104,2713.64,0.96333,0.60574,0.25766,0.58659,0.34255,0.35628,0.13265,0.90042,0.66134,0.3575,0.00872538,0.00872538,0.00872538
105,2740.3,1.02419,0.58459,0.25706,0.60097,0.37872,0.37936,0.15754,0.8606,0.67006,0.36021,0.008713,0.008713,0.008713
106,2768.57,0.95542,0.59187,0.2473,0.61242,0.3766,0.38628,0.16313,0.87122,0.63686,0.37313,0.00870063,0.00870063,0.00870063
107,2796.3,0.99151,0.57294,0.25214,0.63706,0.2913,0.3061,0.1193,0.97712,0.65075,0.42112,0.00868825,0.00868825,0.00868825
108,2823.54,0.96649,0.58754,0.25629,0.58953,0.36383,0.37332,0.14095,0.89656,0.63385,0.36668,0.00867587,0.00867587,0.00867587
109,2849.99,0.95097,0.59195,0.24693,0.62378,0.34571,0.37124,0.14843,0.90407,0.63411,0.37629,0.0086635,0.0086635,0.0086635
110,2877.34,0.94165,0.60615,0.22838,0.72292,0.36596,0.41058,0.17447,0.85141,0.67008,0.33039,0.00865113,0.00865113,0.00865113
111,2905.28,0.93853,0.60014,0.23412,0.69769,0.34894,0.38664,0.16675,0.83226,0.69862,0.36145,0.00863875,0.00863875,0.00863875
112,2931.68,0.92561,0.60266,0.23631,0.58649,0.33191,0.33636,0.12285,0.88843,0.68121,0.35327,0.00862638,0.00862638,0.00862638
113,2958.99,0.95078,0.5849,0.22616,0.69305,0.41702,0.44291,0.18345,0.83435,0.64152,0.33803,0.008614,0.008614,0.008614
114,2986.98,0.95755,0.58467,0.23569,0.69168,0.39149,0.41107,0.1607,0.85966,0.64653,0.33626,0.00860162,0.00860162,0.00860162
115,3013.51,0.8766,0.60752,0.216,0.62646,0.43177,0.42432,0.16086,0.85844,0.64717,0.33269,0.00858925,0.00858925,0.00858925
116,3040.69,0.97625,0.60431,0.23972,0.67895,0.37346,0.40086,0.1735,0.82336,0.68535,0.33296,0.00857687,0.00857687,0.00857687
117,3067.77,0.95027,0.60495,0.22659,0.59299,0.39574,0.40677,0.16351,0.85576,0.66171,0.32718,0.0085645,0.0085645,0.0085645
118,3094.74,0.94242,0.6036,0.22239,0.67581,0.41064,0.45653,0.21411,0.7847,0.69017,0.31342,0.00855213,0.00855213,0.00855213
119,3121.49,0.92151,0.60482,0.22318,0.64449,0.38571,0.41363,0.17238,0.87064,0.66258,0.35042,0.00853975,0.00853975,0.00853975
120,3147.38,0.94046,0.58151,0.21721,0.71198,0.41277,0.46055,0.19904,0.83022,0.63339,0.31873,0.00852738,0.00852738,0.00852738
121,3172.94,0.92589,0.59687,0.21916,0.69018,0.42128,0.44361,0.1939,0.81063,0.6722,0.34501,0.008515,0.008515,0.008515
122,3199.04,0.92868,0.59429,0.21761,0.72119,0.3137,0.39959,0.16207,0.84982,0.66638,0.32515,0.00850262,0.00850262,0.00850262
123,3224.88,0.92254,0.59281,0.21182,0.65188,0.38936,0.42798,0.16944,0.84624,0.64709,0.33866,0.00849025,0.00849025,0.00849025
124,3250.18,0.92415,0.58444,0.21405,0.73657,0.46383,0.51938,0.21463,0.7854,0.63777,0.31536,0.00847787,0.00847787,0.00847787
125,3276.59,0.88114,0.58165,0.21104,0.71611,0.46157,0.50317,0.21717,0.80525,0.65046,0.30842,0.0084655,0.0084655,0.0084655
126,3303.38,0.95019,0.57227,0.22255,0.73467,0.42766,0.48041,0.22487,0.76896,0.67061,0.29231,0.00845313,0.00845313,0.00845313
127,3329.79,0.912,0.60027,0.20469,0.72061,0.47234,0.50968,0.21905,0.79541,0.61926,0.29672,0.00844075,0.00844075,0.00844075
128,3355.56,0.86867,0.60481,0.21225,0.68983,0.4383,0.475,0.20519,0.80053,0.64707,0.29985,0.00842838,0.00842838,0.00842838
129,3381.13,0.86641,0.60776,0.20372,0.55956,0.3617,0.37891,0.12635,0.91849,0.66015,0.34538,0.008416,0.008416,0.008416
130,3406.91,0.8533,0.60773,0.2008,0.74204,0.45319,0.49929,0.22103,0.7725,0.65669,0.29652,0.00840362,0.00840362,0.00840362
131,3432.65,0.89289,0.57206,0.20022,0.71058,0.44468,0.48133,0.20599,0.80383,0.64996,0.32771,0.00839125,0.00839125,0.00839125
132,3458.34,0.86598,0.617,0.19965,0.66565,0.44043,0.491,0.21266,0.78575,0.65056,0.30165,0.00837887,0.00837887,0.00837887
133,3484.06,0.85277,0.62552,0.19518,0.80025,0.44894,0.50736,0.23158,0.76384,0.67533,0.30518,0.0083665,0.0083665,0.0083665
134,3510.71,0.86879,0.6125,0.19405,0.74096,0.45644,0.50669,0.22095,0.77617,0.65086,0.30661,0.00835413,0.00835413,0.00835413
135,3536.04,0.8264,0.61208,0.18838,0.71912,0.4617,0.49168,0.2055,0.79544,0.65134,0.32661,0.00834175,0.00834175,0.00834175
136,3561.38,0.84678,0.59551,0.19257,0.7196,0.47872,0.51471,0.24716,0.76035,0.64152,0.29594,0.00832937,0.00832937,0.00832937
137,3587.54,0.87541,0.58632,0.19812,0.49115,0.2383,0.2105,0.07597,1.19518,0.60698,0.58874,0.008317,0.008317,0.008317
138,3613.73,0.8698,0.61369,0.18736,0.68516,0.41673,0.45656,0.1974,0.83811,0.63461,0.31699,0.00830462,0.00830462,0.00830462
139,3639.27,0.91994,0.57731,0.20177,0.64926,0.37023,0.43582,0.16116,0.81477,0.70071,0.29873,0.00829225,0.00829225,0.00829225
140,3665.21,0.82849,0.63151,0.17837,0.65506,0.43617,0.494,0.2168,0.7897,0.65181,0.28332,0.00827988,0.00827988,0.00827988
141,3691.3,0.8576,0.58782,0.19037,0.7537,0.47528,0.53078,0.26184,0.71369,0.66403,0.27039,0.0082675,0.0082675,0.0082675
142,3717.4,0.85795,0.58507,0.18964,0.77567,0.42979,0.52033,0.24252,0.7646,0.66456,0.27629,0.00825513,0.00825513,0.00825513
143,3743.17,0.85478,0.57865,0.18847,0.7193,0.50161,0.52804,0.25137,0.74568,0.66493,0.30208,0.00824275,0.00824275,0.00824275
144,3768.69,0.83985,0.59194,0.17986,0.73612,0.45319,0.504,0.23552,0.76663,0.64445,0.31263,0.00823038,0.00823038,0.00823038
145,3794.39,0.91141,0.58421,0.19435,0.74043,0.4617,0.51301,0.24926,0.77642,0.64255,0.29379,0.008218,0.008218,0.008218
146,3820.31,0.90768,0.59461,0.19713,0.75158,0.44415,0.50334,0.27219,0.69895,0.71813,0.27006,0.00820562,0.00820562,0.00820562
147,3846.81,0.90224,0.5824,0.19181,0.77145,0.47447,0.54487,0.25541,0.74281,0.6524,0.26255,0.00819325,0.00819325,0.00819325
148,3872.92,0.90928,0.56941,0.19228,0.77165,0.48298,0.55614,0.2606,0.74841,0.6276,0.26001,0.00818088,0.00818088,0.00818088
149,3898.85,0.83951,0.60427,0.1877,0.81141,0.49149,0.57643,0.2794,0.72114,0.62753,0.26754,0.0081685,0.0081685,0.0081685
150,3925.35,0.85899,0.57036,0.18769,0.71889,0.50638,0.54456,0.27355,0.73665,0.63346,0.27283,0.00815613,0.00815613,0.00815613
151,3950.98,0.87976,0.57704,0.18827,0.75606,0.50426,0.56327,0.22767,0.77824,0.63004,0.28459,0.00814375,0.00814375,0.00814375
152,3976.59,0.90005,0.57057,0.18595,0.6731,0.46438,0.53194,0.24829,0.74858,0.64898,0.27334,0.00813138,0.00813138,0.00813138
153,4002.59,0.8663,0.57515,0.19017,0.81995,0.47872,0.54564,0.24792,0.76783,0.63757,0.31033,0.008119,0.008119,0.008119
154,4028.67,0.83635,0.59432,0.17396,0.74822,0.45532,0.52825,0.24058,0.76575,0.65045,0.27828,0.00810662,0.00810662,0.00810662
155,4054.35,0.80186,0.58954,0.17013,0.76789,0.51489,0.57158,0.26149,0.74786,0.63444,0.2675,0.00809425,0.00809425,0.00809425
156,4080.12,0.88636,0.57666,0.18208,0.78968,0.52553,0.58954,0.28958,0.70659,0.636,0.27628,0.00808188,0.00808188,0.00808188
157,4106.61,0.81176,0.56073,0.16748,0.762,0.53814,0.58455,0.27048,0.77415,0.5703,0.28248,0.0080695,0.0080695,0.0080695
158,4132.17,0.79027,0.58749,0.16148,0.80688,0.52448,0.60066,0.29973,0.70776,0.63954,0.27139,0.00805713,0.00805713,0.00805713
159,4158.69,0.84406,0.57956,0.17308,0.78997,0.54417,0.598,0.29952,0.69084,0.66505,0.2649,0.00804475,0.00804475,0.00804475
160,4184.85,0.88399,0.58076,0.18042,0.79748,0.55319,0.59514,0.27393,0.71911,0.63619,0.25723,0.00803238,0.00803238,0.00803238
161,4211.79,0.80525,0.63206,0.1637,0.82061,0.46717,0.56652,0.27377,0.68889,0.69072,0.25049,0.00802,0.00802,0.00802
162,4238.04,0.78989,0.61785,0.17007,0.62787,0.44873,0.50452,0.20911,0.76888,0.68658,0.26641,0.00800762,0.00800762,0.00800762
163,4263.99,0.86006,0.57739,0.17514,0.78132,0.53191,0.59812,0.31288,0.67966,0.64517,0.26546,0.00799525,0.00799525,0.00799525
164,4291.08,0.8637,0.57723,0.16776,0.73284,0.47021,0.54468,0.22561,0.78117,0.63569,0.28488,0.00798288,0.00798288,0.00798288
165,4317.88,0.85191,0.59458,0.17195,0.83692,0.51319,0.60604,0.30048,0.67024,0.66966,0.2576,0.0079705,0.0079705,0.0079705
166,4344.2,0.78418,0.60067,0.16012,0.74741,0.50366,0.57183,0.28687,0.70729,0.64663,0.26278,0.00795812,0.00795812,0.00795812
167,4369.82,0.81736,0.583,0.16614,0.8069,0.54255,0.61017,0.3158,0.70273,0.63434,0.25144,0.00794575,0.00794575,0.00794575
168,4397.28,0.77951,0.60171,0.15492,0.70773,0.45855,0.52617,0.24279,0.7325,0.68881,0.25686,0.00793338,0.00793338,0.00793338
169,4423.66,0.79383,0.5934,0.16185,0.82705,0.5234,0.6053,0.30688,0.68894,0.6409,0.27521,0.007921,0.007921,0.007921
170,4449.98,0.79182,0.5844,0.16288,0.84311,0.57872,0.65456,0.33255,0.68985,0.59515,0.24802,0.00790863,0.00790863,0.00790863
171,4477.72,0.87885,0.55541,0.17051,0.78335,0.52128,0.59402,0.24106,0.7819,0.58725,0.26144,0.00789625,0.00789625,0.00789625
172,4504.24,0.82987,0.5489,0.15738,0.80254,0.58511,0.64131,0.31803,0.6939,0.60331,0.2596,0.00788388,0.00788388,0.00788388
173,4530.01,0.79092,0.55914,0.15525,0.78435,0.54894,0.62911,0.27774,0.7394,0.59144,0.27177,0.0078715,0.0078715,0.0078715
174,4555.71,0.83632,0.56109,0.16705,0.76637,0.52344,0.58776,0.29576,0.7343,0.61609,0.26891,0.00785912,0.00785912,0.00785912
175,4581.84,0.76178,0.5843,0.15923,0.81722,0.54222,0.60862,0.30578,0.72288,0.61729,0.25929,0.00784675,0.00784675,0.00784675
176,4607.81,0.79151,0.58821,0.15767,0.79444,0.5345,0.59769,0.28837,0.73149,0.61433,0.27155,0.00783438,0.00783438,0.00783438
177,4633.7,0.83239,0.60408,0.16538,0.55475,0.40851,0.43791,0.15151,0.83056,0.67615,0.26175,0.007822,0.007822,0.007822
178,4659.3,0.79236,0.59251,0.15299,0.84909,0.52128,0.61309,0.28537,0.70686,0.63399,0.26065,0.00780963,0.00780963,0.00780963
179,4685.16,0.81319,0.57149,0.16253,0.86437,0.52884,0.62423,0.32203,0.68849,0.60793,0.24102,0.00779725,0.00779725,0.00779725
180,4711.49,0.77162,0.5656,0.15133,0.85822,0.55379,0.64462,0.33885,0.67146,0.60522,0.22401,0.00778488,0.00778488,0.00778488
181,4737.79,0.75292,0.56998,0.1453,0.77679,0.51915,0.60663,0.28463,0.73262,0.61619,0.2502,0.0077725,0.0077725,0.0077725
182,4763.62,0.79278,0.56103,0.14298,0.82034,0.56349,0.63319,0.31055,0.68508,0.61982,0.25579,0.00776013,0.00776013,0.00776013
183,4789.72,0.84633,0.53743,0.15952,0.75187,0.51489,0.58812,0.23399,0.78162,0.60999,0.26277,0.00774775,0.00774775,0.00774775
184,4815.12,0.77263,0.56051,0.15346,0.79232,0.58085,0.64697,0.34049,0.6852,0.59293,0.244,0.00773538,0.00773538,0.00773538
185,4842.52,0.80338,0.58084,0.15582,0.66771,0.47021,0.54687,0.24393,0.75359,0.6544,0.24152,0.007723,0.007723,0.007723
186,4869.2,0.86448,0.58028,0.16632,0.69962,0.48298,0.54292,0.24341,0.72198,0.68974,0.24324,0.00771063,0.00771063,0.00771063
187,4894.77,0.80153,0.57944,0.16038,0.7885,0.48723,0.5793,0.28325,0.76344,0.60118,0.2789,0.00769825,0.00769825,0.00769825
188,4920.75,0.81059,0.55772,0.15179,0.75606,0.51064,0.5966,0.29495,0.74696,0.60197,0.27695,0.00768587,0.00768587,0.00768587
189,4947.1,0.78913,0.54143,0.14808,0.86911,0.55745,0.63132,0.32482,0.70201,0.61379,0.268,0.0076735,0.0076735,0.0076735
190,4973.13,0.79451,0.54535,0.14887,0.85634,0.58085,0.6614,0.365,0.65758,0.59787,0.2498,0.00766113,0.00766113,0.00766113
191,5001.06,0.76065,0.55089,0.14767,0.81963,0.6091,0.70502,0.37318,0.63061,0.60985,0.21672,0.00764875,0.00764875,0.00764875
192,5028.07,0.76669,0.57486,0.14232,0.8114,0.595,0.67272,0.3458,0.64732,0.63421,0.22759,0.00763637,0.00763637,0.00763637
193,5054.23,0.77891,0.55665,0.14646,0.83355,0.59149,0.66903,0.36319,0.63154,0.62012,0.24502,0.007624,0.007624,0.007624
194,5080.23,0.78231,0.5556,0.14336,0.82893,0.61277,0.68615,0.35437,0.64253,0.59819,0.24492,0.00761163,0.00761163,0.00761163
195,5106.67,0.8037,0.53465,0.14648,0.838,0.61634,0.70148,0.37653,0.62758,0.58023,0.2299,0.00759925,0.00759925,0.00759925
196,5133.3,0.7327,0.5549,0.13731,0.86159,0.57234,0.67632,0.32637,0.69224,0.57397,0.22143,0.00758687,0.00758687,0.00758687
197,5159.42,0.80663,0.57006,0.1503,0.78387,0.51702,0.61513,0.32802,0.65222,0.66067,0.21992,0.0075745,0.0075745,0.0075745
198,5186.14,0.83072,0.56978,0.14486,0.77251,0.52022,0.61683,0.31159,0.67151,0.64148,0.22705,0.00756213,0.00756213,0.00756213
199,5212.55,0.74861,0.56807,0.13858,0.83449,0.58298,0.66087,0.34922,0.6624,0.60312,0.24252,0.00754975,0.00754975,0.00754975
200,5239.16,0.81046,0.54169,0.14605,0.82282,0.62249,0.68126,0.33033,0.69122,0.57312,0.2189,0.00753737,0.00753737,0.00753737
201,5265.45,0.79912,0.54198,0.14155,0.79906,0.58379,0.62963,0.31693,0.69518,0.60243,0.22292,0.007525,0.007525,0.007525
202,5291.74,0.76625,0.5558,0.14278,0.80087,0.55622,0.63772,0.34053,0.65523,0.6166,0.22482,0.00751263,0.00751263,0.00751263
203,5317.92,0.73587,0.57475,0.13285,0.79189,0.58936,0.65511,0.34996,0.65195,0.61916,0.22935,0.00750025,0.00750025,0.00750025
204,5344.81,0.79772,0.54161,0.15206,0.7999,0.57447,0.64831,0.34729,0.6512,0.61362,0.237,0.00748788,0.00748788,0.00748788
205,5371.16,0.79579,0.53447,0.14329,0.82833,0.53617,0.62656,0.31841,0.70589,0.58551,0.22393,0.0074755,0.0074755,0.0074755
206,5397.42,0.73754,0.54107,0.1333,0.84339,0.59787,0.66802,0.33158,0.70187,0.55765,0.23508,0.00746313,0.00746313,0.00746313
207,5423.87,0.75035,0.54346,0.13989,0.86466,0.59362,0.6773,0.37238,0.652,0.59189,0.23862,0.00745075,0.00745075,0.00745075
208,5449.59,0.74757,0.54537,0.13426,0.83511,0.59267,0.69008,0.34047,0.67871,0.60109,0.23297,0.00743837,0.00743837,0.00743837
209,5478.01,0.75615,0.54836,0.13522,0.88261,0.65588,0.71598,0.3877,0.63101,0.5669,0.21788,0.007426,0.007426,0.007426
210,5506.21,0.78249,0.54409,0.13748,0.83041,0.58723,0.65631,0.36506,0.66237,0.59717,0.24522,0.00741363,0.00741363,0.00741363
211,5533.38,0.74732,0.56636,0.13349,0.82354,0.58586,0.67106,0.36426,0.63663,0.61651,0.21756,0.00740125,0.00740125,0.00740125
212,5559.46,0.72488,0.56421,0.13099,0.79742,0.61138,0.67429,0.38061,0.62565,0.59992,0.2202,0.00738888,0.00738888,0.00738888
213,5586.82,0.70355,0.57328,0.13094,0.83452,0.6,0.6693,0.36044,0.65897,0.59705,0.26038,0.0073765,0.0073765,0.0073765
214,5615.48,0.73877,0.57001,0.1277,0.86867,0.57021,0.64005,0.34935,0.68516,0.61844,0.25726,0.00736413,0.00736413,0.00736413
215,5641.54,0.73761,0.56,0.13219,0.79906,0.60851,0.66461,0.35898,0.65548,0.60791,0.24354,0.00735175,0.00735175,0.00735175
216,5668.83,0.75965,0.56132,0.13501,0.83105,0.59653,0.66614,0.3753,0.64461,0.62531,0.23586,0.00733937,0.00733937,0.00733937
217,5695.75,0.76346,0.54398,0.12809,0.86168,0.56383,0.64491,0.33462,0.69521,0.60235,0.22986,0.007327,0.007327,0.007327
218,5722.52,0.78347,0.55994,0.13951,0.87307,0.63191,0.70835,0.4149,0.60888,0.58437,0.20811,0.00731462,0.00731462,0.00731462
219,5750.98,0.82307,0.54499,0.1446,0.88128,0.63177,0.70333,0.37514,0.65069,0.58847,0.22207,0.00730225,0.00730225,0.00730225
220,5776.63,0.74769,0.55959,0.13475,0.82832,0.60567,0.68803,0.38025,0.64077,0.58494,0.23081,0.00728988,0.00728988,0.00728988
221,5803.76,0.8029,0.54087,0.14724,0.8408,0.59555,0.6884,0.38536,0.60255,0.62659,0.21055,0.0072775,0.0072775,0.0072775
222,5830.85,0.78931,0.55402,0.14045,0.83154,0.62766,0.70825,0.39331,0.61604,0.59408,0.21249,0.00726512,0.00726512,0.00726512
223,5856.18,0.74961,0.54344,0.13235,0.83792,0.59149,0.69002,0.33461,0.6897,0.58646,0.2366,0.00725275,0.00725275,0.00725275
224,5883.37,0.76444,0.5416,0.13038,0.83032,0.63404,0.69778,0.38003,0.64093,0.58196,0.20931,0.00724038,0.00724038,0.00724038
225,5912.91,0.67661,0.56438,0.11986,0.86241,0.60426,0.67688,0.37331,0.64708,0.59761,0.21783,0.007228,0.007228,0.007228
226,5940.13,0.82174,0.54049,0.14316,0.81927,0.57021,0.67745,0.39836,0.58953,0.6366,0.21723,0.00721562,0.00721562,0.00721562
227,5966.17,0.72921,0.52521,0.12403,0.84692,0.56809,0.6532,0.33542,0.70685,0.56649,0.22979,0.00720325,0.00720325,0.00720325
228,5993.79,0.79819,0.50166,0.13073,0.84162,0.61702,0.70047,0.4038,0.6032,0.59054,0.21728,0.00719088,0.00719088,0.00719088
229,6021.16,0.77635,0.51156,0.12666,0.88676,0.60426,0.69706,0.36445,0.63769,0.59293,0.21839,0.0071785,0.0071785,0.0071785
230,6046.87,0.74844,0.54525,0.1279,0.84329,0.5766,0.6548,0.30787,0.69255,0.61192,0.23001,0.00716612,0.00716612,0.00716612
231,6074.44,0.77672,0.53159,0.13288,0.81388,0.62335,0.70005,0.36767,0.63418,0.59302,0.21717,0.00715375,0.00715375,0.00715375
232,6101.8,0.75648,0.53204,0.13042,0.8338,0.60426,0.67382,0.32476,0.7156,0.55782,0.2273,0.00714138,0.00714138,0.00714138
233,6128.27,0.76606,0.55535,0.14253,0.91342,0.65096,0.72677,0.40599,0.61028,0.5769,0.21898,0.007129,0.007129,0.007129
234,6155.69,0.78433,0.51654,0.13372,0.84196,0.65319,0.73411,0.39781,0.61863,0.57696,0.20864,0.00711662,0.00711662,0.00711662
235,6183.04,0.75308,0.52748,0.12726,0.80183,0.61915,0.69549,0.39246,0.60991,0.60803,0.19958,0.00710425,0.00710425,0.00710425
236,6209.54,0.7678,0.55371,0.13393,0.80884,0.63919,0.69933,0.37873,0.63271,0.61649,0.2068,0.00709188,0.00709188,0.00709188
237,6236.36,0.71231,0.55433,0.12533,0.87456,0.61702,0.70634,0.37943,0.62307,0.60684,0.21242,0.0070795,0.0070795,0.0070795
238,6263.48,0.76533,0.54667,0.13105,0.84407,0.62194,0.70025,0.40061,0.59706,0.61273,0.20073,0.00706712,0.00706712,0.00706712
239,6290.25,0.72287,0.55663,0.12777,0.85862,0.6,0.68205,0.3879,0.61638,0.61441,0.20285,0.00705475,0.00705475,0.00705475
240,6317.4,0.71034,0.55416,0.12686,0.82773,0.61915,0.71498,0.41024,0.58324,0.62566,0.19694,0.00704238,0.00704238,0.00704238
241,6343.92,0.67418,0.55205,0.12188,0.88571,0.61915,0.7074,0.40219,0.61941,0.58865,0.22979,0.00703,0.00703,0.00703
242,6370.67,0.70323,0.53518,0.1207,0.82554,0.60406,0.70108,0.38778,0.64087,0.57852,0.22397,0.00701762,0.00701762,0.00701762
243,6397.86,0.77752,0.52529,0.12852,0.84587,0.65106,0.72684,0.38209,0.62685,0.58291,0.21148,0.00700525,0.00700525,0.00700525
244,6423.7,0.77491,0.53166,0.12857,0.7827,0.65106,0.70971,0.34316,0.67092,0.57856,0.20841,0.00699288,0.00699288,0.00699288
245,6451.5,0.7456,0.5158,0.12676,0.83504,0.63191,0.70471,0.37199,0.64617,0.54979,0.21222,0.0069805,0.0069805,0.0069805
246,6478.8,0.81429,0.53044,0.13524,0.83431,0.57853,0.68423,0.32618,0.69675,0.5588,0.20407,0.00696812,0.00696812,0.00696812
247,6505.01,0.87648,0.53401,0.15004,0.79509,0.6383,0.70526,0.37441,0.64766,0.55915,0.19802,0.00695575,0.00695575,0.00695575
248,6533.02,0.82259,0.54354,0.14382,0.84082,0.60688,0.69678,0.39606,0.59316,0.61753,0.20102,0.00694337,0.00694337,0.00694337
249,6560.28,0.74325,0.57423,0.12998,0.84225,0.61342,0.68921,0.38493,0.61315,0.61833,0.20826,0.006931,0.006931,0.006931
250,6586.77,0.75444,0.56013,0.12856,0.82408,0.60797,0.69789,0.3463,0.65628,0.61775,0.2202,0.00691862,0.00691862,0.00691862
251,6614.17,0.71074,0.57843,0.12487,0.78532,0.6234,0.69888,0.3753,0.6073,0.61978,0.20187,0.00690625,0.00690625,0.00690625
252,6641.1,0.7545,0.5416,0.13224,0.87586,0.63404,0.72614,0.41386,0.62253,0.56306,0.20452,0.00689388,0.00689388,0.00689388
253,6667.27,0.76672,0.54507,0.12459,0.85558,0.64681,0.72232,0.38366,0.63932,0.57686,0.22304,0.0068815,0.0068815,0.0068815
254,6695.31,0.70484,0.55684,0.11925,0.90482,0.6068,0.71997,0.41595,0.63084,0.55413,0.22272,0.00686913,0.00686913,0.00686913
255,6722.99,0.7093,0.53932,0.12341,0.8702,0.64681,0.72422,0.40021,0.61024,0.57037,0.21246,0.00685675,0.00685675,0.00685675
256,6749.51,0.80667,0.54333,0.1381,0.86813,0.65835,0.74674,0.42527,0.58221,0.58739,0.19265,0.00684438,0.00684438,0.00684438
257,6777.61,0.74784,0.54997,0.13774,0.85169,0.61489,0.70624,0.34288,0.66407,0.58719,0.20893,0.006832,0.006832,0.006832
258,6805.03,0.77324,0.53947,0.12874,0.81439,0.61702,0.70214,0.36075,0.66382,0.57814,0.19935,0.00681962,0.00681962,0.00681962
259,6831.92,0.73279,0.51369,0.11954,0.88109,0.63617,0.72805,0.42238,0.59904,0.5573,0.19395,0.00680725,0.00680725,0.00680725
260,6858.93,0.86259,0.50303,0.13974,0.70016,0.57447,0.61533,0.25866,0.75176,0.60594,0.22212,0.00679488,0.00679488,0.00679488
261,6886.67,0.74651,0.5278,0.12135,0.83906,0.62766,0.7045,0.34959,0.68093,0.57026,0.19868,0.0067825,0.0067825,0.0067825
262,6913.11,0.67326,0.54458,0.11428,0.90498,0.63404,0.72008,0.43769,0.58299,0.5956,0.20642,0.00677013,0.00677013,0.00677013
263,6940.53,0.67129,0.55039,0.11812,0.85278,0.62855,0.71926,0.37545,0.65619,0.59533,0.20201,0.00675775,0.00675775,0.00675775
264,6967.52,0.70251,0.56095,0.12027,0.80407,0.57447,0.65535,0.30971,0.71866,0.60973,0.21862,0.00674538,0.00674538,0.00674538
265,6994.42,0.68272,0.53218,0.11646,0.90258,0.62766,0.70897,0.39425,0.62444,0.61037,0.2094,0.006733,0.006733,0.006733
266,7021.42,0.71925,0.531,0.12237,0.87606,0.62766,0.71614,0.38807,0.63976,0.56938,0.22173,0.00672063,0.00672063,0.00672063
267,7048.81,0.77012,0.53727,0.12839,0.89867,0.62268,0.71153,0.40302,0.60449,0.60069,0.19254,0.00670825,0.00670825,0.00670825
268,7075.28,0.72829,0.5273,0.12313,0.80637,0.57021,0.62844,0.32262,0.73905,0.54453,0.21773,0.00669588,0.00669588,0.00669588
269,7102.29,0.69578,0.57869,0.11696,0.88093,0.62966,0.70425,0.39576,0.62368,0.60226,0.23361,0.0066835,0.0066835,0.0066835
270,7129.44,0.72743,0.54635,0.1199,0.90014,0.61372,0.72033,0.42809,0.57918,0.60193,0.1999,0.00667113,0.00667113,0.00667113
271,7155.67,0.80497,0.53583,0.13169,0.88963,0.61489,0.69692,0.3934,0.62418,0.60584,0.21605,0.00665875,0.00665875,0.00665875
272,7182.85,0.65886,0.55509,0.11354,0.85215,0.66219,0.74063,0.42589,0.58851,0.58087,0.2018,0.00664638,0.00664638,0.00664638
273,7209.83,0.72601,0.54617,0.11848,0.81736,0.61702,0.67704,0.3201,0.69352,0.63917,0.21444,0.006634,0.006634,0.006634
274,7236.17,0.6663,0.585,0.11624,0.86883,0.62011,0.70913,0.40267,0.59698,0.64503,0.20437,0.00662162,0.00662162,0.00662162
275,7263.75,0.74354,0.56943,0.12747,0.85052,0.59787,0.6917,0.38317,0.61714,0.65305,0.20297,0.00660925,0.00660925,0.00660925
276,7290.72,0.73684,0.55231,0.11908,0.86235,0.58936,0.68521,0.38357,0.6158,0.6217,0.20999,0.00659688,0.00659688,0.00659688
277,7316.24,0.66883,0.56108,0.11335,0.85275,0.58085,0.6662,0.34522,0.6709,0.65311,0.24346,0.0065845,0.0065845,0.0065845
278,7343.88,0.71435,0.52037,0.11733,0.89123,0.65106,0.71568,0.41151,0.63168,0.55354,0.22092,0.00657213,0.00657213,0.00657213
279,7371.29,0.76297,0.52868,0.13343,0.88801,0.64043,0.71151,0.37162,0.67885,0.572,0.22909,0.00655975,0.00655975,0.00655975
280,7397.1,0.73074,0.53082,0.12394,0.90926,0.66095,0.73689,0.41632,0.60618,0.58861,0.18939,0.00654738,0.00654738,0.00654738
281,7424.9,0.73351,0.54249,0.12399,0.88613,0.65106,0.74539,0.44019,0.56942,0.59932,0.19207,0.006535,0.006535,0.006535
282,7452.56,0.7106,0.53598,0.11431,0.90193,0.6617,0.74656,0.41167,0.6073,0.58878,0.19544,0.00652262,0.00652262,0.00652262
283,7478.24,0.6772,0.54062,0.11273,0.85717,0.65106,0.73881,0.40692,0.61084,0.57151,0.19346,0.00651025,0.00651025,0.00651025
284,7505.1,0.7096,0.55328,0.11703,0.88119,0.67859,0.74354,0.40624,0.63061,0.57326,0.19575,0.00649788,0.00649788,0.00649788
285,7532.23,0.71674,0.50297,0.11949,0.88945,0.70638,0.76761,0.43974,0.61173,0.50673,0.21005,0.0064855,0.0064855,0.0064855
286,7558.85,0.67469,0.4993,0.11642,0.89975,0.68744,0.76269,0.42044,0.62431,0.52864,0.20602,0.00647313,0.00647313,0.00647313
287,7586.42,0.68936,0.5268,0.11057,0.90857,0.66596,0.75286,0.4383,0.59906,0.55023,0.20842,0.00646075,0.00646075,0.00646075
288,7613.78,0.71463,0.53853,0.11631,0.90418,0.70274,0.7706,0.4513,0.56991,0.55675,0.18585,0.00644837,0.00644837,0.00644837
289,7640.6,0.71449,0.56245,0.11097,0.92476,0.66596,0.76572,0.4619,0.56394,0.57561,0.18588,0.006436,0.006436,0.006436
290,7668.64,0.71702,0.56479,0.1116,0.83163,0.64107,0.7271,0.4319,0.58171,0.61661,0.19514,0.00642362,0.00642362,0.00642362
291,7695.72,0.75106,0.53771,0.1226,0.9239,0.67234,0.75554,0.41025,0.62766,0.55236,0.20195,0.00641125,0.00641125,0.00641125
292,7721.62,0.69902,0.51222,0.11081,0.89773,0.66596,0.75233,0.43246,0.61211,0.5348,0.20063,0.00639887,0.00639887,0.00639887
293,7749.18,0.73522,0.52559,0.11697,0.91923,0.64681,0.73222,0.4342,0.59342,0.55714,0.2159,0.0063865,0.0063865,0.0063865
294,7776.63,0.74808,0.54229,0.12066,0.89963,0.66747,0.74618,0.44152,0.57339,0.58643,0.21014,0.00637413,0.00637413,0.00637413
295,7802.52,0.70217,0.56956,0.10954,0.90407,0.70177,0.7719,0.43897,0.59431,0.54689,0.19578,0.00636175,0.00636175,0.00636175
296,7829.34,0.70266,0.52649,0.10851,0.91724,0.67234,0.7703,0.44279,0.59668,0.52802,0.20476,0.00634937,0.00634937,0.00634937
297,7856.33,0.69549,0.50401,0.11252,0.93211,0.68936,0.76139,0.44997,0.58858,0.54686,0.19604,0.006337,0.006337,0.006337
298,7882.8,0.68055,0.5449,0.11073,0.93207,0.67147,0.74983,0.45748,0.57075,0.57219,0.18648,0.00632462,0.00632462,0.00632462
299,7909.31,0.67423,0.53978,0.10803,0.91363,0.67517,0.7443,0.45242,0.57927,0.57795,0.19543,0.00631225,0.00631225,0.00631225
300,7935.97,0.74423,0.51824,0.11663,0.90562,0.64681,0.72648,0.41246,0.62348,0.5729,0.20789,0.00629987,0.00629987,0.00629987
301,7962,0.66784,0.49624,0.10305,0.91362,0.67515,0.75753,0.42313,0.61582,0.53947,0.21325,0.0062875,0.0062875,0.0062875
302,7988.25,0.70972,0.49673,0.11089,0.88516,0.68877,0.74866,0.36065,0.67808,0.54119,0.20948,0.00627513,0.00627513,0.00627513
303,8014.66,0.6805,0.57024,0.10822,0.91999,0.68499,0.76241,0.44109,0.58006,0.57776,0.19059,0.00626275,0.00626275,0.00626275
304,8039.94,0.69324,0.58633,0.11645,0.90668,0.68217,0.75525,0.43431,0.5784,0.57727,0.19727,0.00625038,0.00625038,0.00625038
305,8066.02,0.69883,0.57008,0.11503,0.88914,0.63141,0.7194,0.38539,0.6263,0.59599,0.19802,0.006238,0.006238,0.006238
306,8092.47,0.68795,0.56371,0.11505,0.91072,0.67447,0.75151,0.42244,0.60637,0.57088,0.18984,0.00622563,0.00622563,0.00622563
307,8119.18,0.71115,0.52612,0.12239,0.90071,0.66809,0.75624,0.41567,0.61695,0.5489,0.19917,0.00621325,0.00621325,0.00621325
308,8144.89,0.6987,0.51523,0.11471,0.92603,0.6925,0.76535,0.47206,0.56655,0.52442,0.19459,0.00620088,0.00620088,0.00620088
309,8172.21,0.73268,0.50674,0.11004,0.89864,0.69793,0.75956,0.44417,0.58795,0.54907,0.1906,0.0061885,0.0061885,0.0061885
310,8198.92,0.69489,0.51559,0.10901,0.91404,0.67874,0.75922,0.38546,0.63987,0.5494,0.19408,0.00617613,0.00617613,0.00617613
311,8224.17,0.76669,0.50619,0.11543,0.88213,0.66383,0.7365,0.3902,0.63994,0.55982,0.20343,0.00616375,0.00616375,0.00616375
312,8250.24,0.70539,0.54115,0.12137,0.90442,0.67021,0.74671,0.44498,0.58112,0.53843,0.19554,0.00615138,0.00615138,0.00615138
313,8276.95,0.65577,0.52311,0.10289,0.9094,0.68344,0.76593,0.43371,0.60611,0.50972,0.20006,0.006139,0.006139,0.006139
314,8303.59,0.64262,0.53183,0.10362,0.90683,0.68335,0.76649,0.42869,0.60495,0.51381,0.22318,0.00612663,0.00612663,0.00612663
315,8329.78,0.6427,0.51016,0.10347,0.90958,0.72128,0.78666,0.45552,0.57476,0.52419,0.19899,0.00611425,0.00611425,0.00611425
316,8356.23,0.65282,0.53707,0.10605,0.88807,0.70851,0.76844,0.43527,0.5916,0.54366,0.19264,0.00610187,0.00610187,0.00610187
317,8382.65,0.65858,0.52825,0.10048,0.86096,0.69149,0.75396,0.41087,0.626,0.54563,0.18946,0.0060895,0.0060895,0.0060895
318,8408.78,0.65716,0.55185,0.10869,0.88758,0.69149,0.76684,0.46424,0.55881,0.54957,0.1914,0.00607713,0.00607713,0.00607713
319,8435.12,0.61635,0.54614,0.10769,0.90096,0.67743,0.76444,0.46242,0.55567,0.56591,0.19235,0.00606475,0.00606475,0.00606475
320,8461.52,0.65636,0.54425,0.10607,0.88827,0.67659,0.76299,0.45416,0.55651,0.59619,0.18864,0.00605238,0.00605238,0.00605238
321,8488.17,0.68848,0.54378,0.10935,0.89746,0.67042,0.75543,0.44988,0.56731,0.59248,0.18244,0.00604,0.00604,0.00604
322,8514.11,0.64001,0.53319,0.10304,0.90734,0.66809,0.75082,0.4476,0.56237,0.60478,0.18164,0.00602762,0.00602762,0.00602762
323,8540.62,0.60887,0.5292,0.09621,0.91953,0.65644,0.74238,0.45331,0.56108,0.5746,0.20482,0.00601525,0.00601525,0.00601525
324,8567.22,0.64434,0.5089,0.10031,0.91801,0.69082,0.76422,0.44831,0.58359,0.53538,0.1932,0.00600287,0.00600287,0.00600287
325,8593.22,0.69667,0.51002,0.11293,0.85814,0.70426,0.76529,0.42689,0.61454,0.54195,0.19176,0.0059905,0.0059905,0.0059905
326,8619.62,0.65661,0.56392,0.10261,0.92494,0.69787,0.77411,0.4843,0.52893,0.5396,0.17643,0.00597812,0.00597812,0.00597812
327,8646.53,0.6769,0.5467,0.1033,0.82607,0.64674,0.73258,0.43174,0.57421,0.59893,0.19381,0.00596575,0.00596575,0.00596575
328,8673.19,0.6713,0.56044,0.10452,0.91086,0.63046,0.72624,0.43072,0.5827,0.58661,0.1872,0.00595338,0.00595338,0.00595338
329,8698.74,0.66795,0.56815,0.10616,0.8809,0.65106,0.73004,0.42592,0.56994,0.59347,0.19937,0.005941,0.005941,0.005941
330,8724.96,0.6301,0.55324,0.10127,0.88771,0.6766,0.75521,0.44467,0.56153,0.5772,0.18884,0.00592862,0.00592862,0.00592862
331,8751.26,0.72652,0.53653,0.11149,0.92487,0.70717,0.77422,0.48732,0.52359,0.5459,0.18383,0.00591625,0.00591625,0.00591625
332,8777.62,0.64019,0.49368,0.09788,0.90824,0.70638,0.77346,0.48438,0.55093,0.51246,0.19158,0.00590387,0.00590387,0.00590387
333,8804.34,0.63447,0.49997,0.09604,0.93603,0.71608,0.78848,0.4737,0.56149,0.53558,0.18664,0.0058915,0.0058915,0.0058915
334,8830.84,0.66865,0.5304,0.10476,0.93795,0.7,0.76396,0.47957,0.54034,0.56949,0.20819,0.00587912,0.00587912,0.00587912
335,8857.43,0.61426,0.54766,0.09908,0.92397,0.69816,0.76677,0.46513,0.55201,0.56366,0.17932,0.00586675,0.00586675,0.00586675
336,8883.3,0.64001,0.549,0.10124,0.89775,0.69574,0.75833,0.48033,0.54276,0.55253,0.18932,0.00585438,0.00585438,0.00585438
337,8909.67,0.66336,0.53476,0.10407,0.89116,0.6794,0.75441,0.46262,0.56546,0.55237,0.19316,0.005842,0.005842,0.005842
338,8936.16,0.66482,0.53319,0.11146,0.86192,0.66596,0.73235,0.3946,0.64651,0.53774,0.19519,0.00582962,0.00582962,0.00582962
339,8961.52,0.63899,0.53149,0.10472,0.85491,0.66809,0.73985,0.45334,0.57166,0.57318,0.18728,0.00581725,0.00581725,0.00581725
340,8987.61,0.64367,0.53735,0.10093,0.8916,0.66809,0.73554,0.46072,0.57579,0.56725,0.19675,0.00580487,0.00580487,0.00580487
341,9014.03,0.61486,0.52534,0.09974,0.91339,0.65957,0.73884,0.46132,0.55546,0.58599,0.18952,0.0057925,0.0057925,0.0057925
342,9040.76,0.78485,0.51214,0.12821,0.91467,0.65745,0.72996,0.44514,0.56941,0.60185,0.19672,0.00578013,0.00578013,0.00578013
343,9066.74,0.6576,0.54198,0.1078,0.88615,0.68723,0.74735,0.46699,0.55782,0.54913,0.18745,0.00576775,0.00576775,0.00576775
344,9093.21,0.67982,0.49905,0.10489,0.89583,0.67702,0.75646,0.42496,0.60785,0.55397,0.19815,0.00575538,0.00575538,0.00575538
345,9119.96,0.67965,0.52177,0.10732,0.89441,0.69787,0.76221,0.48499,0.54488,0.52646,0.19279,0.005743,0.005743,0.005743
346,9146.02,0.62934,0.5298,0.0952,0.93124,0.7,0.77595,0.50451,0.533,0.53478,0.18614,0.00573063,0.00573063,0.00573063
347,9172.84,0.63041,0.5249,0.09853,0.91122,0.71277,0.78791,0.504,0.52477,0.53258,0.18724,0.00571825,0.00571825,0.00571825
348,9200.23,0.63296,0.50007,0.09626,0.93173,0.72766,0.79784,0.51873,0.52885,0.50018,0.17804,0.00570587,0.00570587,0.00570587
349,9227.61,0.63627,0.51671,0.10106,0.92368,0.72128,0.78793,0.50486,0.53657,0.52134,0.18689,0.0056935,0.0056935,0.0056935
350,9253.14,0.66079,0.50734,0.10101,0.89204,0.70322,0.7649,0.48221,0.54666,0.52992,0.20062,0.00568113,0.00568113,0.00568113
351,9279.56,0.69072,0.52665,0.10645,0.87804,0.69362,0.76284,0.41468,0.63242,0.56318,0.19671,0.00566875,0.00566875,0.00566875
352,9306.13,0.64514,0.50949,0.1031,0.90411,0.72222,0.78506,0.4833,0.55401,0.52887,0.19518,0.00565637,0.00565637,0.00565637
353,9331.63,0.59812,0.50731,0.0963,0.88789,0.7077,0.77443,0.43733,0.60216,0.55202,0.20445,0.005644,0.005644,0.005644
354,9358.93,0.68742,0.53774,0.10861,0.93502,0.67357,0.75508,0.45228,0.55038,0.60068,0.18058,0.00563163,0.00563163,0.00563163
355,9385.31,0.68843,0.52527,0.1102,0.90635,0.67234,0.76905,0.45651,0.55567,0.57926,0.17269,0.00561925,0.00561925,0.00561925
356,9411.54,0.65494,0.51808,0.10609,0.92392,0.69767,0.77631,0.48302,0.53573,0.54779,0.17496,0.00560687,0.00560687,0.00560687
357,9437.39,0.65718,0.505,0.10381,0.91284,0.68723,0.77381,0.47302,0.55196,0.54253,0.18215,0.0055945,0.0055945,0.0055945
358,9464.07,0.64599,0.51524,0.10125,0.92493,0.70426,0.78801,0.46047,0.55442,0.55298,0.17631,0.00558213,0.00558213,0.00558213
359,9490.59,0.6277,0.52429,0.10007,0.93355,0.70638,0.78275,0.48095,0.54519,0.53103,0.18738,0.00556975,0.00556975,0.00556975
360,9516.15,0.62677,0.53088,0.10313,0.92323,0.7,0.78262,0.46761,0.56591,0.51921,0.19187,0.00555737,0.00555737,0.00555737
361,9543.28,0.65163,0.51288,0.10225,0.88552,0.69149,0.77333,0.43496,0.59343,0.54086,0.17408,0.005545,0.005545,0.005545
362,9570,0.62408,0.50663,0.09343,0.92526,0.7234,0.80129,0.48808,0.5591,0.50314,0.18275,0.00553263,0.00553263,0.00553263
363,9596.29,0.62828,0.50943,0.09386,0.92461,0.7383,0.80697,0.49579,0.53854,0.51748,0.18461,0.00552025,0.00552025,0.00552025
364,9621.88,0.64372,0.51921,0.09815,0.93687,0.72617,0.8168,0.50153,0.53359,0.50471,0.17555,0.00550787,0.00550787,0.00550787
365,9648.32,0.60998,0.53633,0.09373,0.94437,0.7383,0.81277,0.52875,0.49786,0.52274,0.15627,0.0054955,0.0054955,0.0054955
366,9675.71,0.62877,0.5409,0.09595,0.93963,0.72851,0.80411,0.52307,0.50578,0.51909,0.16383,0.00548313,0.00548313,0.00548313
367,9702.09,0.61837,0.51022,0.09311,0.93549,0.72553,0.79541,0.50976,0.50972,0.53073,0.17886,0.00547075,0.00547075,0.00547075
368,9728.34,0.62717,0.51506,0.09222,0.93018,0.72979,0.79829,0.50388,0.53483,0.51193,0.16996,0.00545837,0.00545837,0.00545837
369,9754.95,0.64823,0.50669,0.09798,0.92181,0.70235,0.78869,0.5008,0.54374,0.50618,0.17721,0.005446,0.005446,0.005446
370,9781.47,0.68587,0.54441,0.10042,0.88143,0.70638,0.78045,0.46565,0.56341,0.53085,0.17143,0.00543363,0.00543363,0.00543363
371,9807.22,0.68749,0.50712,0.10585,0.9323,0.70321,0.78002,0.4701,0.55868,0.53715,0.17906,0.00542125,0.00542125,0.00542125
372,9833.92,0.69144,0.50792,0.10515,0.92554,0.69787,0.76898,0.48047,0.54252,0.54566,0.18965,0.00540887,0.00540887,0.00540887
373,9860.35,0.63769,0.51676,0.09674,0.92882,0.68298,0.76967,0.48542,0.54809,0.53676,0.19574,0.0053965,0.0053965,0.0053965
374,9886.84,0.60747,0.50977,0.09262,0.92341,0.71823,0.78455,0.50276,0.51956,0.54191,0.17567,0.00538413,0.00538413,0.00538413
375,9913.3,0.5789,0.53897,0.09053,0.94123,0.70851,0.78646,0.49429,0.53262,0.55059,0.18162,0.00537175,0.00537175,0.00537175
376,9939.81,0.66189,0.52754,0.10037,0.93263,0.69787,0.774,0.50406,0.53275,0.53986,0.17036,0.00535937,0.00535937,0.00535937
377,9966.59,0.80727,0.49343,0.11652,0.93248,0.7234,0.79599,0.49857,0.51935,0.55301,0.15575,0.005347,0.005347,0.005347
378,9992.56,0.64939,0.52296,0.09663,0.93343,0.716,0.78879,0.49639,0.53024,0.55211,0.16975,0.00533463,0.00533463,0.00533463
379,10019.2,0.63042,0.5352,0.09527,0.88794,0.70638,0.78109,0.45974,0.5624,0.54525,0.17265,0.00532225,0.00532225,0.00532225
380,10045.7,0.62981,0.53645,0.09463,0.92939,0.67216,0.77857,0.48366,0.53699,0.55069,0.17362,0.00530987,0.00530987,0.00530987
381,10072.5,0.63531,0.51549,0.09979,0.93989,0.71277,0.78787,0.50617,0.51287,0.55238,0.17545,0.0052975,0.0052975,0.0052975
382,10098.5,0.66229,0.48621,0.1042,0.94299,0.70391,0.7853,0.50001,0.52415,0.53647,0.17224,0.00528512,0.00528512,0.00528512
383,10125.3,0.62216,0.518,0.09526,0.91237,0.70891,0.78503,0.4782,0.54402,0.54852,0.17123,0.00527275,0.00527275,0.00527275
384,10152,0.61487,0.52818,0.09259,0.94212,0.7234,0.79464,0.51232,0.5132,0.53981,0.16447,0.00526038,0.00526038,0.00526038
385,10178.1,0.62235,0.52366,0.09086,0.91566,0.73918,0.80188,0.51514,0.50526,0.53412,0.16345,0.005248,0.005248,0.005248
386,10205.4,0.59374,0.53093,0.09231,0.92603,0.74894,0.79315,0.52345,0.49416,0.52831,0.1657,0.00523563,0.00523563,0.00523563
387,10231.6,0.6247,0.52476,0.0947,0.9273,0.7383,0.79228,0.51993,0.51012,0.51476,0.17104,0.00522325,0.00522325,0.00522325
388,10258.9,0.62501,0.52585,0.09158,0.91676,0.72553,0.79154,0.50487,0.53148,0.51027,0.175,0.00521088,0.00521088,0.00521088
389,10284.5,0.6335,0.53244,0.09631,0.9261,0.73404,0.79329,0.50293,0.52607,0.50922,0.17285,0.0051985,0.0051985,0.0051985
390,10310.6,0.66084,0.51553,0.10097,0.8382,0.66809,0.72666,0.36879,0.67844,0.53566,0.19419,0.00518612,0.00518612,0.00518612
391,10337.3,0.66094,0.49672,0.10068,0.91445,0.72128,0.78524,0.41907,0.62782,0.53271,0.18556,0.00517375,0.00517375,0.00517375
392,10363.8,0.67683,0.50844,0.10309,0.9076,0.72128,0.78915,0.47523,0.56763,0.52958,0.19279,0.00516138,0.00516138,0.00516138
393,10389.5,0.62481,0.51859,0.09578,0.89986,0.68828,0.77253,0.41026,0.61648,0.55403,0.18384,0.005149,0.005149,0.005149
394,10415.8,0.65018,0.52627,0.09979,0.87707,0.70213,0.76911,0.42065,0.60861,0.56194,0.17519,0.00513663,0.00513663,0.00513663
395,10442.4,0.67393,0.5067,0.09443,0.83596,0.67021,0.75254,0.37633,0.63947,0.57387,0.17857,0.00512425,0.00512425,0.00512425
396,10469.2,0.62629,0.51529,0.0956,0.89029,0.72516,0.78474,0.45485,0.57658,0.54598,0.17557,0.00511188,0.00511188,0.00511188
397,10495.1,0.72215,0.52798,0.11265,0.95525,0.7267,0.80432,0.51402,0.50747,0.54115,0.16079,0.0050995,0.0050995,0.0050995
398,10521.1,0.62432,0.53645,0.09495,0.94241,0.73123,0.80276,0.50487,0.52598,0.5292,0.16439,0.00508712,0.00508712,0.00508712
399,10547.6,0.64343,0.49815,0.09196,0.93994,0.7325,0.80449,0.51415,0.51151,0.52697,0.1651,0.00507475,0.00507475,0.00507475
400,10573.4,0.60083,0.49698,0.08773,0.93436,0.73617,0.80412,0.50567,0.52473,0.52369,0.16381,0.00506237,0.00506237,0.00506237
401,10600.4,0.62043,0.52354,0.09388,0.92,0.71489,0.7896,0.49544,0.52975,0.55221,0.16443,0.00505,0.00505,0.00505
402,10627.6,0.58836,0.5143,0.08229,0.92276,0.71176,0.78381,0.49881,0.53895,0.56489,0.16897,0.00503763,0.00503763,0.00503763
403,10654.6,0.56982,0.51412,0.08705,0.92624,0.72766,0.78876,0.49899,0.53662,0.54818,0.16631,0.00502525,0.00502525,0.00502525
404,10681.8,0.58727,0.507,0.08657,0.93442,0.7234,0.79709,0.50689,0.52641,0.52485,0.1678,0.00501287,0.00501287,0.00501287
405,10708.5,0.57918,0.50854,0.08702,0.93995,0.73617,0.80556,0.51648,0.50482,0.52442,0.16667,0.0050005,0.0050005,0.0050005
406,10735.4,0.57616,0.49462,0.08736,0.94487,0.72766,0.80749,0.52305,0.49746,0.52751,0.16797,0.00498813,0.00498813,0.00498813
407,10761.4,0.53824,0.49182,0.08333,0.94173,0.7234,0.80516,0.53283,0.48734,0.52306,0.16599,0.00497575,0.00497575,0.00497575
408,10789.1,0.55631,0.48958,0.08479,0.94187,0.724,0.80655,0.53743,0.49151,0.51154,0.16428,0.00496337,0.00496337,0.00496337
409,10816.1,0.52425,0.46135,0.07312,0.94612,0.7472,0.81197,0.53156,0.50303,0.49904,0.173,0.004951,0.004951,0.004951
410,10842,0.64773,0.49651,0.08726,0.95633,0.74545,0.81599,0.53314,0.4934,0.52299,0.16487,0.00493863,0.00493863,0.00493863
411,10867.8,0.58691,0.49011,0.08253,0.93396,0.7523,0.80861,0.52967,0.49955,0.53975,0.16707,0.00492625,0.00492625,0.00492625
412,10894.1,0.59553,0.50108,0.08882,0.94225,0.74681,0.80968,0.50134,0.53081,0.5221,0.1647,0.00491387,0.00491387,0.00491387
413,10920.3,0.54251,0.48243,0.07966,0.95827,0.74468,0.81688,0.53428,0.49273,0.52815,0.16565,0.0049015,0.0049015,0.0049015
414,10946.2,0.65079,0.51063,0.09229,0.959,0.74894,0.82169,0.52052,0.50372,0.52309,0.16945,0.00488913,0.00488913,0.00488913
415,10972.2,0.6202,0.49909,0.09016,0.94126,0.75007,0.81434,0.50513,0.52852,0.5081,0.16354,0.00487675,0.00487675,0.00487675
416,10998.4,0.62357,0.4828,0.0929,0.93415,0.72434,0.80888,0.46198,0.57255,0.53175,0.1647,0.00486437,0.00486437,0.00486437
417,11024.5,0.6284,0.51093,0.09144,0.93636,0.72553,0.80355,0.51101,0.5247,0.52081,0.16738,0.004852,0.004852,0.004852
418,11050.7,0.65329,0.48886,0.0922,0.92875,0.74882,0.80705,0.49941,0.55084,0.498,0.1763,0.00483963,0.00483963,0.00483963
419,11076.6,0.68626,0.53974,0.10168,0.90215,0.74544,0.79687,0.44604,0.59258,0.51909,0.18047,0.00482725,0.00482725,0.00482725
420,11102.9,0.67278,0.50402,0.09812,0.92487,0.73404,0.80107,0.44897,0.57803,0.5336,0.16951,0.00481487,0.00481487,0.00481487
421,11128.4,0.5837,0.53284,0.08511,0.93261,0.7067,0.7972,0.45035,0.56948,0.54244,0.16798,0.0048025,0.0048025,0.0048025
422,11154.9,0.61654,0.53225,0.09046,0.92739,0.74255,0.81052,0.51944,0.50626,0.53367,0.17112,0.00479013,0.00479013,0.00479013
423,11181.4,0.64736,0.512,0.09774,0.93919,0.75106,0.80962,0.5039,0.53983,0.51602,0.17848,0.00477775,0.00477775,0.00477775
424,11207.3,0.61565,0.51918,0.08969,0.93075,0.74354,0.80444,0.517,0.52667,0.52064,0.17507,0.00476537,0.00476537,0.00476537
425,11234,0.60506,0.48516,0.08614,0.93617,0.74899,0.81326,0.52309,0.51354,0.52307,0.15979,0.004753,0.004753,0.004753
426,11260.3,0.61407,0.52694,0.0895,0.92769,0.74894,0.81571,0.52914,0.5028,0.52225,0.16692,0.00474063,0.00474063,0.00474063
427,11286.7,0.57875,0.50922,0.08357,0.92426,0.72701,0.80838,0.53133,0.51106,0.51984,0.1652,0.00472825,0.00472825,0.00472825
428,11313,0.62671,0.48916,0.09111,0.94904,0.75289,0.82297,0.54015,0.5047,0.51464,0.17496,0.00471588,0.00471588,0.00471588
429,11340,0.56483,0.5169,0.08045,0.94161,0.7548,0.81188,0.54427,0.48746,0.51617,0.16646,0.0047035,0.0047035,0.0047035
430,11367.8,0.60769,0.51369,0.0894,0.90916,0.74527,0.80343,0.48427,0.5507,0.53382,0.1684,0.00469112,0.00469112,0.00469112
431,11394.5,0.60827,0.52744,0.08855,0.92368,0.72097,0.80122,0.51192,0.51277,0.53504,0.16513,0.00467875,0.00467875,0.00467875
432,11421.1,0.64773,0.51393,0.09,0.93329,0.72553,0.80336,0.52846,0.49985,0.53018,0.16085,0.00466638,0.00466638,0.00466638
433,11446.9,0.63537,0.48226,0.09185,0.94267,0.73191,0.80589,0.53059,0.50578,0.51513,0.17138,0.004654,0.004654,0.004654
434,11473.6,0.76014,0.4607,0.1065,0.91476,0.73617,0.79032,0.4587,0.59744,0.51783,0.17855,0.00464162,0.00464162,0.00464162
435,11500.1,0.62753,0.51591,0.09084,0.93239,0.73354,0.80028,0.52666,0.51069,0.51173,0.17158,0.00462925,0.00462925,0.00462925
436,11526.6,0.68349,0.49022,0.09345,0.95316,0.73602,0.81017,0.51024,0.53633,0.52688,0.17237,0.00461688,0.00461688,0.00461688
437,11553.2,0.57802,0.46737,0.08109,0.93936,0.72507,0.80262,0.53236,0.52427,0.50841,0.16827,0.0046045,0.0046045,0.0046045
438,11580.2,0.62082,0.4886,0.08517,0.96518,0.70762,0.80129,0.52608,0.53031,0.49893,0.16949,0.00459212,0.00459212,0.00459212
439,11606.6,0.58324,0.51876,0.08602,0.95128,0.74776,0.80433,0.52673,0.50077,0.53372,0.16727,0.00457975,0.00457975,0.00457975
440,11634.1,0.60055,0.51567,0.09075,0.94162,0.72065,0.7939,0.52779,0.50289,0.55594,0.17115,0.00456738,0.00456738,0.00456738
441,11660.8,0.59005,0.50864,0.09308,0.93662,0.72314,0.79047,0.51383,0.51097,0.55768,0.17517,0.004555,0.004555,0.004555
442,11687.9,0.58695,0.50813,0.08943,0.9364,0.72979,0.79805,0.49776,0.52401,0.56596,0.17276,0.00454263,0.00454263,0.00454263
443,11714.5,0.60161,0.48695,0.08877,0.93558,0.75319,0.81102,0.51979,0.49541,0.53703,0.17324,0.00453025,0.00453025,0.00453025
444,11740.8,0.59887,0.46769,0.08396,0.94134,0.7617,0.81473,0.51422,0.51324,0.52777,0.16872,0.00451788,0.00451788,0.00451788
445,11767.4,0.61155,0.50452,0.08458,0.94529,0.76383,0.82204,0.53403,0.49985,0.51629,0.16113,0.0045055,0.0045055,0.0045055
446,11794.9,0.60011,0.53978,0.08727,0.94851,0.74476,0.81292,0.51053,0.52833,0.5157,0.15439,0.00449312,0.00449312,0.00449312
447,11821.3,0.58413,0.52555,0.08407,0.94575,0.72979,0.79969,0.50882,0.51473,0.54656,0.15773,0.00448075,0.00448075,0.00448075
448,11848.4,0.59697,0.52513,0.08464,0.94106,0.74894,0.8067,0.4789,0.543,0.56264,0.15775,0.00446838,0.00446838,0.00446838
449,11875,0.60767,0.52494,0.08977,0.93843,0.74591,0.81052,0.51115,0.5141,0.54914,0.15575,0.004456,0.004456,0.004456
450,11901.8,0.55721,0.50991,0.0786,0.94097,0.74611,0.80845,0.50362,0.52706,0.54017,0.15574,0.00444362,0.00444362,0.00444362
451,11928.1,0.57279,0.51,0.08405,0.9382,0.75106,0.80815,0.54382,0.48322,0.53396,0.1497,0.00443125,0.00443125,0.00443125
452,11954.3,0.55391,0.50921,0.07921,0.96307,0.72979,0.80522,0.5464,0.47035,0.55664,0.15194,0.00441888,0.00441888,0.00441888
453,11981,0.58422,0.48822,0.08573,0.94948,0.73617,0.80497,0.54047,0.49102,0.53418,0.15645,0.0044065,0.0044065,0.0044065
454,12007.6,0.58188,0.49833,0.08392,0.95047,0.7383,0.81626,0.54938,0.47813,0.53347,0.15593,0.00439412,0.00439412,0.00439412
455,12035.3,0.59517,0.51471,0.08671,0.95047,0.73493,0.81676,0.5495,0.48091,0.53402,0.1504,0.00438175,0.00438175,0.00438175
456,12062.4,0.59006,0.49355,0.08645,0.93432,0.74468,0.82251,0.54744,0.47537,0.53672,0.14492,0.00436938,0.00436938,0.00436938
457,12088.1,0.54572,0.49882,0.08114,0.92874,0.74255,0.81519,0.54273,0.48246,0.52529,0.15899,0.004357,0.004357,0.004357
458,12114.2,0.55662,0.49913,0.08138,0.93565,0.74242,0.81491,0.54353,0.48379,0.53187,0.16141,0.00434462,0.00434462,0.00434462
459,12140.2,0.56073,0.50808,0.08012,0.9387,0.74942,0.81191,0.52888,0.5007,0.53305,0.16148,0.00433225,0.00433225,0.00433225
460,12166.5,0.57076,0.49661,0.0837,0.94091,0.74681,0.81009,0.52682,0.50259,0.53781,0.15696,0.00431987,0.00431987,0.00431987
461,12192.8,0.6066,0.48572,0.09156,0.94066,0.74196,0.82023,0.53613,0.48568,0.53533,0.1492,0.0043075,0.0043075,0.0043075
462,12219.6,0.56095,0.53784,0.08471,0.94052,0.74017,0.8175,0.54066,0.48079,0.53767,0.15474,0.00429512,0.00429512,0.00429512
463,12246.9,0.61148,0.49122,0.09114,0.9459,0.744,0.82256,0.55003,0.48385,0.51784,0.15871,0.00428275,0.00428275,0.00428275
464,12274.3,0.57059,0.51254,0.07806,0.93928,0.74468,0.81336,0.55012,0.49329,0.49988,0.16241,0.00427037,0.00427037,0.00427037
465,12301.7,0.54657,0.4846,0.07496,0.94595,0.74471,0.81702,0.55848,0.47571,0.50818,0.15306,0.004258,0.004258,0.004258
466,12328.3,0.61668,0.49071,0.08412,0.93301,0.71117,0.80165,0.4853,0.5538,0.54184,0.165,0.00424562,0.00424562,0.00424562
467,12354.6,0.58582,0.50045,0.0851,0.93402,0.74468,0.79994,0.49817,0.53215,0.53421,0.15691,0.00423325,0.00423325,0.00423325
468,12380.9,0.62085,0.48397,0.08838,0.95129,0.74681,0.81429,0.54087,0.48754,0.50519,0.15252,0.00422087,0.00422087,0.00422087
469,12407.6,0.61979,0.53385,0.08857,0.94101,0.74667,0.81177,0.53692,0.49748,0.49441,0.15965,0.0042085,0.0042085,0.0042085
470,12434,0.52852,0.51627,0.07371,0.90617,0.73617,0.79843,0.5082,0.52954,0.52924,0.15937,0.00419612,0.00419612,0.00419612
471,12459.8,0.61964,0.49571,0.08364,0.92369,0.73404,0.80346,0.52222,0.51542,0.51473,0.16098,0.00418375,0.00418375,0.00418375
472,12487.2,0.57153,0.50282,0.0785,0.90665,0.74396,0.79347,0.49545,0.55125,0.51389,0.16261,0.00417137,0.00417137,0.00417137
473,12513.7,0.70552,0.4999,0.09614,0.94937,0.74681,0.8102,0.52481,0.51171,0.51693,0.16774,0.004159,0.004159,0.004159
474,12539.6,0.59026,0.50177,0.08082,0.93962,0.7383,0.80362,0.527,0.50795,0.52032,0.16318,0.00414662,0.00414662,0.00414662
475,12566.3,0.5555,0.51573,0.07764,0.94152,0.72766,0.79853,0.52157,0.51015,0.52226,0.16269,0.00413425,0.00413425,0.00413425
476,12592.9,0.5437,0.52265,0.07683,0.9243,0.72745,0.79439,0.49701,0.5327,0.54265,0.16389,0.00412187,0.00412187,0.00412187
477,12619.4,0.59839,0.49573,0.0861,0.95198,0.74043,0.8074,0.52478,0.49778,0.52083,0.159,0.0041095,0.0041095,0.0041095
478,12645.8,0.59858,0.51304,0.09281,0.93866,0.74881,0.82173,0.54862,0.49442,0.49067,0.16256,0.00409713,0.00409713,0.00409713
479,12672.2,0.49809,0.48811,0.07816,0.9474,0.74043,0.82294,0.54512,0.50741,0.49342,0.16467,0.00408475,0.00408475,0.00408475
480,12698.3,0.63295,0.50736,0.08668,0.9505,0.75532,0.82926,0.54827,0.48526,0.51298,0.16478,0.00407237,0.00407237,0.00407237
481,12724.6,0.67752,0.49242,0.09254,0.93598,0.74657,0.81343,0.48984,0.54626,0.5268,0.17688,0.00406,0.00406,0.00406
482,12751,0.81041,0.53449,0.1094,0.90615,0.7234,0.80412,0.4841,0.56064,0.52906,0.17089,0.00404763,0.00404763,0.00404763
483,12776.6,0.61762,0.50122,0.0885,0.94103,0.74692,0.81897,0.51842,0.50945,0.51879,0.17006,0.00403525,0.00403525,0.00403525
484,12802.9,0.60004,0.52321,0.0831,0.95117,0.75319,0.82073,0.51944,0.50404,0.52408,0.17238,0.00402288,0.00402288,0.00402288
485,12829.2,0.55209,0.50512,0.08181,0.94547,0.73783,0.81287,0.52111,0.50174,0.53833,0.17182,0.0040105,0.0040105,0.0040105
486,12855.3,0.55328,0.50966,0.0755,0.94653,0.75957,0.81276,0.52388,0.50712,0.52484,0.16892,0.00399813,0.00399813,0.00399813
487,12880.9,0.55165,0.50306,0.07606,0.94965,0.75532,0.81681,0.52512,0.50046,0.52829,0.17069,0.00398575,0.00398575,0.00398575
488,12907.3,0.4982,0.50085,0.07162,0.95438,0.74255,0.81373,0.52353,0.49557,0.54986,0.16775,0.00397338,0.00397338,0.00397338
489,12933.8,0.54131,0.48944,0.07702,0.96023,0.77051,0.82323,0.54641,0.48064,0.53624,0.16163,0.003961,0.003961,0.003961
490,12959.8,0.57828,0.48412,0.07713,0.9501,0.7766,0.82193,0.53656,0.49466,0.53436,0.15549,0.00394863,0.00394863,0.00394863
491,12986.3,0.54001,0.49483,0.07421,0.9332,0.76809,0.81261,0.47273,0.57353,0.53531,0.16418,0.00393625,0.00393625,0.00393625
492,13012.8,0.64277,0.52335,0.08815,0.79607,0.67277,0.75395,0.38728,0.66327,0.55751,0.17755,0.00392388,0.00392388,0.00392388
493,13039.1,0.60659,0.48672,0.08285,0.87909,0.73191,0.78548,0.44478,0.6087,0.52074,0.17196,0.0039115,0.0039115,0.0039115
494,13065.5,0.54963,0.53316,0.07973,0.92792,0.73959,0.81296,0.49277,0.55152,0.52364,0.16829,0.00389913,0.00389913,0.00389913
495,13090.9,0.59,0.53938,0.0813,0.95147,0.73191,0.81213,0.508,0.54435,0.50457,0.16856,0.00388675,0.00388675,0.00388675
496,13117.3,0.89916,0.51484,0.13903,0.94611,0.7383,0.80522,0.49384,0.54373,0.52864,0.17657,0.00387437,0.00387437,0.00387437
497,13143.5,0.77746,0.65477,0.11665,0.90225,0.72665,0.7951,0.46102,0.59581,0.50634,0.17899,0.003862,0.003862,0.003862
498,13169.8,0.93717,0.51077,0.11946,0.86872,0.68936,0.75567,0.43193,0.62202,0.51515,0.18312,0.00384963,0.00384963,0.00384963
499,13196.2,0.64973,0.53805,0.08726,0.94872,0.74791,0.80314,0.47932,0.56113,0.5105,0.1743,0.00383725,0.00383725,0.00383725
500,13222.8,0.75833,0.53445,0.09684,0.9558,0.7362,0.81721,0.49428,0.53906,0.51321,0.17304,0.00382487,0.00382487,0.00382487
501,13249.7,0.66681,0.52458,0.09285,0.9087,0.70638,0.79362,0.45087,0.60381,0.52217,0.17593,0.0038125,0.0038125,0.0038125
502,13275.8,0.60857,0.49427,0.08135,0.94638,0.7383,0.81519,0.49704,0.54663,0.51206,0.16482,0.00380013,0.00380013,0.00380013
503,13302.6,0.56342,0.48506,0.07238,0.94595,0.73617,0.81853,0.51276,0.53369,0.51093,0.1685,0.00378775,0.00378775,0.00378775
504,13329.3,0.62069,0.50933,0.08057,0.9483,0.72553,0.81744,0.52852,0.51236,0.51629,0.16741,0.00377537,0.00377537,0.00377537
505,13355.8,0.56504,0.50313,0.07886,0.94364,0.72553,0.81463,0.55386,0.47737,0.51292,0.16083,0.003763,0.003763,0.003763
506,13381.9,0.58574,0.5085,0.07952,0.96304,0.71702,0.81523,0.5256,0.51059,0.53556,0.15871,0.00375063,0.00375063,0.00375063
507,13408.4,0.61822,0.50154,0.08614,0.95057,0.74894,0.82037,0.5468,0.48498,0.51283,0.15884,0.00373825,0.00373825,0.00373825
508,13435.1,0.59217,0.52196,0.08057,0.94093,0.74468,0.81875,0.52548,0.50729,0.53074,0.15239,0.00372587,0.00372587,0.00372587
509,13460.6,0.55832,0.53041,0.07761,0.92918,0.72577,0.80514,0.47928,0.55441,0.55383,0.1561,0.0037135,0.0037135,0.0037135
510,13486.8,0.59028,0.483,0.07876,0.92076,0.71064,0.79788,0.47139,0.5641,0.54876,0.1526,0.00370112,0.00370112,0.00370112
511,13513.4,0.55973,0.49044,0.07514,0.89544,0.72883,0.79801,0.47981,0.56308,0.53668,0.15177,0.00368875,0.00368875,0.00368875
512,13540.4,0.51998,0.486,0.07184,0.90797,0.67173,0.77172,0.43913,0.60007,0.54584,0.16162,0.00367637,0.00367637,0.00367637
513,13566.5,0.69803,0.45702,0.08947,0.90658,0.70206,0.78729,0.44854,0.59275,0.53784,0.15947,0.003664,0.003664,0.003664
514,13593.1,0.65663,0.5345,0.08994,0.86763,0.66596,0.75177,0.39242,0.64971,0.55397,0.16415,0.00365162,0.00365162,0.00365162
515,13619.8,0.74163,0.51725,0.09444,0.90026,0.70638,0.78232,0.434,0.62192,0.5244,0.16423,0.00363925,0.00363925,0.00363925
